gwno_a,gwno_b,year,disputes,hostility,fatal
2,20,1979,1,4,0
2,20,1989,1,3,0
2,20,1991,1,4,0
2,20,1997,1,4,0
2,40,1960,1,4,0
2,40,1961,1,4,0
2,40,1962,1,4,0
2,40,1971,1,4,0
2,40,1974,1,4,0
2,40,1976,1,4,0
2,40,1977,1,4,0
2,40,1979,1,3,0
2,40,1981,1,3,0
2,40,1983,2,3,0
2,40,1987,1,3,0
2,40,1990,1,4,0
2,40,1996,1,4,0
2,41,1963,1,4,0
2,41,1993,1,4,0
2,41,1994,1,4,0
2,42,1961,1,3,0
2,55,1983,1,4,1
2,90,1958,1,4,1
2,93,1954,1,4,0
2,93,1982,1,3,0
2,93,1983,1,3,0
2,93,1984,1,3,0
2,93,1985,1,3,0
2,93,1986,1,4,0
2,93,1987,1,4,0
2,93,1988,1,4,0
2,95,1987,1,4,0
2,95,1988,1,4,0
2,95,1989,1,4,1
2,101,2000,1,3,0
2,101,2010,1,3,0
2,130,1952,1,4,0
2,130,1955,1,4,0
2,130,1963,1,4,0
2,130,1967,1,4,0
2,130,1971,1,4,0
2,130,1972,1,4,0
2,130,1980,1,4,0
2,130,1981,1,4,0
2,135,1955,1,4,0
2,135,1962,1,4,0
2,135,1969,1,4,0
2,135,1979,1,4,0
2,135,1992,1,4,0
2,225,1954,1,3,0
2,265,1958,1,4,0
2,265,1961,1,4,0
2,265,1985,1,4,1
2,290,1961,1,3,0
2,305,1960,1,3,0
2,310,1951,1,4,1
2,315,1953,1,4,1
2,315,1957,1,3,0
2,315,1961,1,3,0
2,315,1985,1,4,0
2,339,1958,1,4,0
2,345,1946,1,4,1
2,345,1992,1,4,0
2,345,1993,1,4,0
2,345,1994,2,4,0
2,345,1995,1,4,0
2,345,1996,1,4,0
2,345,1998,1,4,0
2,345,1999,1,5,1
2,345,2000,3,4,0
2,350,1983,1,3,0
2,350,1984,1,3,0
2,355,1951,1,4,1
2,360,1951,1,4,1
2,365,1946,1,3,0
2,365,1948,1,4,0
2,365,1949,1,4,0
2,365,1951,1,3,0
2,365,1953,1,4,1
2,365,1954,1,3,0
2,365,1956,1,3,0
2,365,1957,1,3,0
2,365,1958,5,4,0
2,365,1959,1,4,0
2,365,1960,2,4,0
2,365,1961,3,4,0
2,365,1962,4,4,0
2,365,1963,2,4,0
2,365,1964,3,4,1
2,365,1965,1,3,0
2,365,1966,1,4,0
2,365,1967,4,4,0
2,365,1969,1,3,0
2,365,1970,2,4,0
2,365,1972,1,4,0
2,365,1973,1,3,0
2,365,1977,1,4,0
2,365,1978,1,3,0
2,365,1979,3,4,0
2,365,1980,1,3,0
2,365,1981,1,4,0
2,365,1982,2,4,0
2,365,1983,2,4,0
2,365,1984,2,4,0
2,365,1985,1,4,1
2,365,1986,2,3,0
2,365,1997,1,4,0
2,365,1999,1,3,0
2,365,2000,3,4,0
2,365,2011,1,3,0
2,365,2013,1,3,0
2,365,2014,2,3,0
2,437,2004,1,4,0
2,450,1998,1,3,0
2,520,2008,1,4,0
2,620,1973,1,4,0
2,620,1979,1,3,0
2,620,1981,2,4,0
2,620,1982,2,3,0
2,620,1983,3,4,0
2,620,1984,1,4,0
2,620,1985,1,3,0
2,620,1986,1,4,0
2,620,1988,1,4,0
2,620,1989,1,4,0
2,620,2011,1,4,0
2,625,1998,1,4,0
2,630,1979,1,4,0
2,630,1980,1,4,0
2,630,1981,1,4,0
2,630,1983,1,4,0
2,630,1984,1,3,0
2,630,1985,1,3,0
2,630,1986,2,4,0
2,630,1987,1,4,0
2,630,1988,2,4,0
2,630,1991,1,4,0
2,630,1997,1,3,0
2,630,2003,1,4,1
2,630,2004,2,4,1
2,630,2005,1,3,0
2,630,2007,2,4,0
2,630,2008,1,2,0
2,630,2009,1,4,0
2,630,2011,1,3,0
2,630,2012,2,4,0
2,630,2013,1,4,0
2,640,2003,1,4,0
2,645,1958,1,3,0
2,645,1970,1,3,1
2,645,1987,1,4,1
2,645,1988,1,4,0
2,645,1990,1,3,0
2,645,1991,2,5,1
2,645,1992,1,4,0
2,645,1993,3,4,0
2,645,1994,1,3,0
2,645,1995,1,3,0
2,645,1996,1,4,0
2,645,1997,1,4,0
2,645,1998,1,4,0
2,645,1999,1,4,0
2,645,2000,1,4,0
2,645,2001,1,4,0
2,645,2002,1,4,0
2,645,2003,1,5,1
2,651,1957,1,3,0
2,651,1958,1,3,0
2,651,1962,1,4,0
2,651,1964,1,4,0
2,651,1968,1,3,0
2,652,1957,1,3,0
2,652,1970,1,3,0
2,652,1983,1,4,0
2,652,1984,1,4,0
2,652,1996,1,2,0
2,652,2004,1,4,0
2,652,2005,1,4,0
2,652,2008,1,4,0
2,652,2012,1,3,0
2,652,2013,1,3,0
2,652,2014,1,3,0
2,663,1990,1,2,0
2,663,1991,1,2,0
2,666,1976,1,4,0
2,678,1962,1,4,0
2,680,1982,1,3,0
2,700,1998,1,4,1
2,700,2001,1,5,1
2,700,2014,1,4,0
2,710,1949,1,4,0
2,710,1950,3,5,1
2,710,1951,2,5,0
2,710,1952,2,5,1
2,710,1953,3,5,1
2,710,1954,2,4,0
2,710,1955,2,4,0
2,710,1956,2,4,1
2,710,1957,1,4,0
2,710,1958,1,4,0
2,710,1960,1,3,0
2,710,1961,1,3,0
2,710,1962,3,4,0
2,710,1963,1,3,0
2,710,1964,2,4,0
2,710,1965,3,4,0
2,710,1966,3,4,0
2,710,1967,2,4,0
2,710,1968,1,4,0
2,710,1969,2,4,0
2,710,1970,1,4,0
2,710,1971,2,4,0
2,710,1972,1,4,0
2,710,1994,1,3,0
2,710,1995,1,3,0
2,710,1996,1,3,0
2,710,1999,1,3,0
2,710,2000,1,3,0
2,710,2001,3,4,1
2,710,2002,1,3,0
2,710,2009,1,3,0
2,710,2011,1,3,0
2,710,2013,2,3,0
2,710,2014,1,3,0
2,713,1949,1,4,0
2,713,1950,1,4,0
2,731,1950,1,5,0
2,731,1951,1,5,0
2,731,1952,1,5,0
2,731,1953,1,5,1
2,731,1954,1,4,0
2,731,1955,1,4,0
2,731,1956,1,4,1
2,731,1958,1,4,0
2,731,1959,1,4,0
2,731,1960,1,4,0
2,731,1961,1,4,1
2,731,1962,1,4,0
2,731,1963,1,4,0
2,731,1964,2,4,1
2,731,1965,2,4,0
2,731,1966,1,4,0
2,731,1967,1,4,0
2,731,1968,2,4,0
2,731,1969,1,4,1
2,731,1975,1,4,1
2,731,1976,2,4,1
2,731,1977,1,4,0
2,731,1978,1,4,1
2,731,1979,1,3,0
2,731,1980,1,3,1
2,731,1981,1,3,0
2,731,1982,1,3,0
2,731,1983,1,4,0
2,731,1985,1,4,0
2,731,1993,2,3,0
2,731,1994,1,3,0
2,731,1995,1,3,0
2,731,1996,1,3,0
2,731,1997,1,3,0
2,731,1998,1,3,0
2,731,1999,2,3,1
2,731,2000,1,2,0
2,731,2002,1,4,0
2,731,2003,1,3,0
2,731,2004,1,3,0
2,731,2010,1,3,0
2,731,2014,1,3,0
2,770,2002,1,3,0
2,770,2005,2,4,0
2,770,2006,2,4,0
2,770,2007,2,4,1
2,770,2008,2,4,0
2,770,2009,2,4,0
2,770,2010,2,4,1
2,770,2011,1,4,0
2,770,2014,1,4,0
2,811,1964,1,4,0
2,811,1965,1,4,0
2,811,1966,1,4,0
2,811,1967,1,4,0
2,811,1968,1,4,0
2,811,1969,1,4,0
2,811,1975,1,4,0
2,816,1961,2,4,0
2,816,1962,1,3,0
2,816,1964,1,4,0
2,816,1965,1,5,0
2,816,1966,1,5,0
2,816,1967,1,5,0
2,816,1968,1,5,0
2,816,1969,1,5,0
2,816,1970,1,5,0
2,816,1971,1,5,0
2,816,1972,1,5,0
2,816,1973,1,5,1
2,850,2003,1,3,0
20,41,1963,1,4,0
20,41,1993,1,4,0
20,41,1994,1,4,0
20,220,1987,1,2,0
20,220,1988,1,4,0
20,230,1995,1,4,0
20,235,2005,1,4,0
20,345,1992,1,3,0
20,345,1998,1,4,0
20,345,1999,1,4,1
20,345,2000,3,4,0
20,365,1980,1,3,0
20,365,1999,1,3,0
20,365,2000,1,3,0
20,365,2011,1,3,0
20,365,2014,1,3,0
20,390,2004,1,3,0
20,390,2005,1,3,0
20,620,2011,1,4,0
20,645,1990,1,3,0
20,645,1991,1,5,1
20,700,2001,1,4,1
20,710,1950,1,3,0
20,710,1951,1,5,0
20,710,1952,1,5,0
20,710,1953,1,5,1
20,731,1950,1,3,0
20,731,1951,1,5,0
20,731,1952,1,5,0
20,731,1953,1,5,1
20,731,1994,1,3,0
40,42,1959,1,3,0
40,51,1983,1,4,1
40,53,1983,1,4,1
40,54,1983,1,4,1
40,56,1983,1,4,1
40,57,1983,1,4,1
40,58,1983,1,4,1
40,101,1967,1,4,1
40,101,1968,1,4,0
40,220,1977,1,4,1
40,482,1977,1,4,1
40,490,1975,1,5,0
40,490,1976,1,5,0
40,490,1977,2,4,1
40,490,1978,1,4,1
40,520,1977,1,3,0
40,520,1978,1,5,1
40,551,1976,1,4,0
40,560,1975,1,5,0
40,560,1976,1,5,0
40,560,1977,1,4,0
40,560,1978,1,4,0
40,560,1979,1,4,0
40,560,1980,1,4,0
40,560,1981,1,4,0
40,560,1982,1,4,0
40,560,1983,1,4,0
40,560,1984,1,4,0
40,560,1985,1,4,0
40,560,1986,1,4,0
40,560,1987,1,5,0
40,560,1988,1,5,1
40,600,1977,1,4,1
40,600,1980,1,4,0
40,651,1977,1,4,1
41,42,1949,1,3,0
41,42,1950,1,3,0
41,42,1963,1,4,0
41,42,1986,1,3,0
41,42,1987,1,3,0
41,42,1994,1,4,0
41,42,2004,1,3,0
41,160,1993,1,4,0
41,160,1994,1,4,0
41,200,1963,1,4,0
41,200,1993,1,4,0
41,200,1994,1,4,0
41,210,1993,1,4,0
41,210,1994,1,4,0
41,220,1993,1,4,0
41,220,1994,1,4,0
42,101,1959,1,2,0
51,55,1983,1,4,1
51,91,2011,1,4,0
52,101,1996,1,4,0
52,101,1997,1,4,0
52,101,1999,1,4,0
53,55,1983,1,4,1
54,55,1983,1,4,1
55,56,1983,1,4,1
55,57,1983,1,4,1
55,58,1983,1,4,1
70,90,1958,1,4,0
70,90,1959,1,4,1
70,90,1982,1,4,0
70,90,1983,1,4,0
70,90,1984,1,4,0
80,90,1993,1,3,0
80,90,1995,1,3,0
80,90,1997,1,3,0
80,90,2000,2,4,0
80,90,2001,1,3,0
90,92,1970,1,4,0
90,200,1972,1,3,0
90,200,1975,1,3,0
90,200,1977,1,3,0
91,92,1969,1,5,1
91,92,1976,1,4,0
91,92,1985,1,3,0
91,92,1989,1,4,1
91,92,1993,1,3,0
91,93,1957,1,4,0
91,93,1962,1,4,1
91,93,1979,1,4,0
91,93,1981,1,3,0
91,93,1982,1,3,0
91,93,1983,1,3,0
91,93,1984,1,3,0
91,93,1985,1,3,0
91,93,1986,1,4,0
91,93,1987,1,4,0
91,93,1988,2,4,0
91,93,1989,1,4,1
91,93,1991,1,4,0
91,93,1995,2,4,0
91,93,1997,1,4,0
91,93,1999,1,4,0
91,93,2000,2,4,0
91,93,2001,1,3,0
93,94,1948,2,4,0
93,94,1949,1,4,0
93,94,1954,1,4,0
93,94,1955,1,4,0
93,94,1957,1,3,0
93,94,1977,1,4,0
93,94,1978,1,4,1
93,94,1983,1,4,0
93,94,1984,1,4,0
93,94,1985,1,4,1
93,94,1986,1,4,0
93,94,1987,1,4,0
93,94,1995,1,4,0
93,94,1998,1,3,0
93,94,2010,1,3,0
93,100,1980,1,3,0
93,100,1994,1,4,0
93,100,2001,1,4,0
94,95,1988,1,4,0
95,130,2013,1,4,0
95,731,2013,1,4,0
100,101,1982,1,4,0
100,101,1987,1,4,0
100,101,1988,1,4,0
100,101,1994,1,4,0
100,101,1995,1,4,0
100,101,1997,1,4,0
100,101,2000,1,4,0
100,101,2003,1,4,0
100,101,2006,1,4,0
100,101,2008,1,3,0
100,101,2009,1,3,0
100,101,2010,1,3,0
100,130,2005,1,3,0
100,130,2006,1,3,0
100,130,2007,1,4,0
100,130,2008,1,3,0
100,130,2009,1,3,0
100,365,2013,1,3,0
100,710,1951,1,5,0
100,710,1952,1,5,0
100,710,1953,1,5,1
100,731,1951,1,5,0
100,731,1952,1,5,0
100,731,1953,1,5,1
101,110,1966,1,4,0
101,110,1967,1,4,0
101,110,1969,1,3,0
101,110,1970,1,4,0
101,110,1976,1,3,0
101,110,1981,1,3,0
101,110,1982,2,4,0
101,110,1999,1,3,0
101,110,2013,1,4,0
101,200,1982,1,3,0
101,365,1968,1,4,0
110,115,1976,1,3,0
110,115,1977,1,4,0
110,115,1978,1,4,0
110,115,2000,2,3,0
110,140,1975,1,3,0
110,140,1976,1,3,0
130,135,1950,1,3,0
130,135,1951,1,4,1
130,135,1953,1,3,0
130,135,1954,1,4,0
130,135,1977,1,4,0
130,135,1978,1,4,1
130,135,1981,1,4,1
130,135,1984,1,4,1
130,135,1991,1,3,0
130,135,1995,2,4,1
130,135,1996,1,4,0
130,135,1997,1,4,0
130,135,1998,1,4,0
135,140,2003,1,4,0
135,155,1976,1,4,0
135,155,1977,2,3,0
140,220,1963,1,3,0
140,365,1959,1,2,0
140,365,1968,1,4,0
140,620,1983,1,4,0
145,155,1978,1,3,0
150,160,1959,1,4,1
150,160,1962,1,4,1
155,160,1952,1,4,0
155,160,1955,1,4,0
155,160,1958,2,4,0
155,160,1959,1,3,0
155,160,1960,1,3,0
155,160,1963,1,3,0
155,160,1964,1,4,0
155,160,1965,1,4,1
155,160,1967,1,4,0
155,160,1968,1,4,0
155,160,1977,1,3,0
155,160,1978,2,3,0
155,160,1979,1,3,0
155,160,1980,1,4,0
155,160,1981,2,4,0
155,160,1982,1,4,0
155,160,1983,1,3,0
155,160,1984,1,4,0
155,200,1948,1,4,0
155,200,1996,1,4,0
160,165,1969,1,4,0
160,165,1973,1,3,0
160,200,1976,1,4,0
160,200,1982,2,5,1
160,200,1983,1,3,0
160,200,2012,1,3,0
160,345,2000,2,3,0
160,365,1968,1,4,0
160,365,1977,1,4,0
160,365,2002,1,4,0
160,385,1948,1,3,0
160,452,2012,1,4,0
160,645,1990,1,3,0
160,645,1991,1,3,1
160,713,1986,1,4,0
165,385,1973,1,3,0
200,230,1969,1,3,0
200,230,1986,1,3,0
200,230,2012,1,3,0
200,230,2013,1,3,0
200,230,2014,1,3,0
200,235,1966,1,3,0
200,265,1961,1,4,0
200,265,1985,1,4,1
200,290,1961,1,3,0
200,315,1953,1,4,1
200,315,1961,1,3,0
200,339,1946,1,4,1
200,339,1958,1,4,0
200,345,1946,1,4,0
200,345,1992,1,4,0
200,345,1993,1,4,0
200,345,1994,1,4,0
200,345,1995,1,4,0
200,345,1996,1,4,0
200,345,1998,1,4,0
200,345,1999,1,4,1
200,345,2000,3,4,0
200,365,1946,1,3,0
200,365,1948,1,4,0
200,365,1949,1,4,0
200,365,1950,1,4,0
200,365,1951,1,3,0
200,365,1953,1,4,1
200,365,1956,1,2,0
200,365,1958,2,4,0
200,365,1959,1,4,0
200,365,1961,1,4,0
200,365,1962,1,3,0
200,365,1965,1,3,0
200,365,1967,1,4,0
200,365,1970,1,3,0
200,365,1980,1,3,0
200,365,1999,2,3,0
200,365,2011,1,3,0
200,365,2013,2,3,0
200,365,2014,1,3,0
200,390,1961,1,4,0
200,395,1958,1,4,0
200,395,1959,1,4,0
200,395,1960,1,4,0
200,395,1972,1,4,0
200,395,1973,1,4,1
200,395,1975,1,4,0
200,395,1976,1,4,0
200,500,1974,1,3,0
200,500,1975,1,3,0
200,552,1965,1,3,0
200,552,1966,1,3,0
200,552,2002,1,2,0
200,620,2011,1,4,0
200,630,1946,1,3,0
200,630,1951,1,3,0
200,630,1984,1,4,0
200,630,1985,2,4,0
200,630,1986,2,4,0
200,630,2003,1,4,0
200,645,1958,2,3,0
200,645,1961,1,4,0
200,645,1962,1,4,0
200,645,1984,1,4,0
200,645,1988,1,4,0
200,645,1990,1,3,0
200,645,1991,2,5,1
200,645,1992,1,4,0
200,645,1993,2,4,0
200,645,1994,1,3,0
200,645,1996,1,4,0
200,645,1997,1,4,0
200,645,1998,1,4,0
200,645,1999,1,4,0
200,645,2000,1,4,0
200,645,2001,1,4,0
200,645,2002,1,4,0
200,645,2003,1,5,1
200,651,1951,1,4,0
200,651,1952,1,4,1
200,651,1956,1,5,1
200,651,1958,2,3,0
200,652,1976,1,4,0
200,652,2013,1,3,0
200,663,1990,1,2,0
200,663,1991,1,2,0
200,666,1949,1,4,1
200,666,1956,1,4,1
200,670,1955,1,3,0
200,670,1956,1,3,0
200,678,1949,1,4,0
200,678,1956,1,4,0
200,678,1957,1,4,0
200,678,1958,1,4,0
200,678,1962,1,4,0
200,678,1963,2,4,1
200,678,1964,1,4,0
200,678,1965,1,4,0
200,678,1966,1,4,0
200,678,1967,1,4,0
200,700,2001,1,5,1
200,710,1950,2,5,0
200,710,1951,2,5,0
200,710,1952,2,5,0
200,710,1953,2,5,1
200,710,1954,1,4,0
200,710,1958,1,3,0
200,710,1962,1,4,0
200,710,1968,1,4,0
200,713,1949,1,4,0
200,713,1950,1,4,0
200,713,1951,1,4,0
200,713,1953,1,4,0
200,713,1955,1,4,0
200,731,1950,1,5,0
200,731,1951,1,5,0
200,731,1952,1,5,0
200,731,1953,1,5,1
200,850,1963,1,4,0
200,850,1964,1,4,0
200,850,1965,1,4,1
200,850,1966,1,4,0
205,230,1985,1,4,0
205,345,2000,1,3,0
210,345,1992,1,4,0
210,345,1993,1,4,0
210,345,1994,1,4,0
210,345,1995,1,4,0
210,345,1996,1,4,0
210,345,1998,1,4,0
210,345,1999,1,4,1
210,345,2000,2,3,0
210,365,1980,1,3,0
210,365,1999,1,3,0
210,365,2014,1,3,0
210,620,2011,1,4,0
210,645,1990,1,3,0
210,645,1991,1,3,0
210,645,1999,1,3,0
210,645,2003,1,3,0
210,700,2001,1,3,0
210,710,1950,1,5,0
210,710,1951,1,5,0
210,710,1952,1,5,0
210,710,1953,1,5,1
210,710,1966,1,4,0
210,731,1950,1,5,0
210,731,1951,1,5,0
210,731,1952,1,5,0
210,731,1953,1,5,1
210,850,1951,1,4,0
210,850,1953,1,4,1
210,850,1957,1,4,0
210,850,1958,1,4,0
210,850,1959,1,4,0
210,850,1960,1,4,0
210,850,1961,1,4,0
210,850,1962,1,4,1
211,265,1958,1,4,0
211,345,1992,1,4,0
211,345,1993,1,4,0
211,345,1994,1,4,0
211,345,1995,1,4,0
211,345,1996,1,4,0
211,345,1998,1,4,0
211,345,1999,1,4,1
211,345,2000,2,3,0
211,365,1960,1,2,0
211,365,1999,1,3,0
211,365,2012,1,3,0
211,490,1960,1,4,0
211,490,1991,1,3,0
211,490,1993,1,2,0
211,620,2011,1,4,0
211,645,1990,1,3,0
211,645,1991,1,3,0
211,710,1951,1,5,0
211,710,1952,1,5,0
211,710,1953,1,5,1
211,731,1951,1,5,0
211,731,1952,1,5,0
211,731,1953,1,5,1
212,345,1998,1,3,0
212,345,1999,1,3,0
212,345,2000,2,3,0
212,620,2011,1,2,0
212,710,1951,1,4,0
212,710,1952,1,4,0
212,710,1953,1,4,1
212,731,1951,1,4,0
212,731,1952,1,4,0
212,731,1953,1,4,1
220,230,1984,1,4,0
220,265,1961,1,4,0
220,290,1961,1,3,0
220,315,1961,1,3,0
220,344,1993,1,3,0
220,345,1992,1,4,0
220,345,1993,1,4,0
220,345,1994,1,4,0
220,345,1995,1,4,0
220,345,1996,1,4,0
220,345,1998,1,4,0
220,345,1999,1,4,1
220,345,2000,2,3,0
220,365,1948,1,4,0
220,365,1949,1,4,0
220,365,1956,1,2,0
220,365,1958,1,4,0
220,365,1959,1,4,0
220,365,1961,1,4,0
220,365,1999,1,3,0
220,365,2014,1,3,0
220,437,2004,1,4,1
220,437,2005,1,3,0
220,437,2011,2,4,0
220,481,1964,1,4,1
220,484,1977,1,4,1
220,490,1991,1,3,0
220,500,1977,1,4,1
220,520,1976,1,4,1
220,540,1977,1,4,1
220,540,1978,1,3,0
220,581,1989,1,4,0
220,600,1958,1,4,1
220,600,1960,1,4,0
220,616,1957,1,4,0
220,616,1958,1,4,1
220,616,1959,1,4,1
220,616,1960,1,4,1
220,616,1961,1,4,1
220,620,1978,1,4,0
220,620,1979,1,4,0
220,620,1980,3,4,0
220,620,1981,1,3,0
220,620,1983,1,4,0
220,620,1984,2,4,0
220,620,1986,1,4,0
220,620,1987,1,4,0
220,620,2011,1,4,0
220,625,2004,1,3,0
220,630,1985,1,3,0
220,630,1987,1,4,0
220,630,1988,1,4,0
220,645,1990,1,3,0
220,645,1991,2,5,1
220,645,1992,1,4,0
220,645,1993,2,4,0
220,645,1994,1,3,0
220,645,1999,1,3,0
220,651,1956,1,5,1
220,660,1989,1,3,0
220,660,1990,1,3,0
220,663,1990,1,2,0
220,663,1991,1,2,0
220,666,2009,1,4,0
220,700,2001,1,4,1
220,710,1949,1,3,0
220,710,1950,1,4,1
220,710,1951,1,5,0
220,710,1952,1,5,0
220,710,1953,1,5,1
220,731,1951,1,5,0
220,731,1952,1,5,0
220,731,1953,1,5,1
220,731,1990,1,4,0
220,800,1946,1,4,1
220,800,1948,1,4,0
220,800,1952,1,3,0
225,345,2000,1,3,0
225,666,2003,1,4,0
230,345,1992,1,4,0
230,345,1993,1,4,0
230,345,1994,1,4,0
230,345,1995,1,4,0
230,345,1996,1,4,0
230,345,1998,1,4,0
230,345,1999,1,4,0
230,345,2000,2,3,0
230,365,1999,1,3,0
230,411,1969,1,4,0
230,600,1957,1,4,0
230,600,1958,1,4,1
230,600,1961,2,4,0
230,600,1972,1,4,0
230,600,1973,1,4,0
230,600,1974,1,4,0
230,600,1975,1,4,0
230,600,1979,1,4,0
230,600,2002,1,4,0
230,615,1975,1,3,0
230,620,2011,1,4,0
230,645,1990,1,3,0
230,645,1991,1,3,0
230,700,2001,1,3,0
230,731,2002,1,4,0
230,732,2003,1,4,0
235,345,1992,1,3,0
235,345,1998,1,4,0
235,345,1999,1,4,0
235,345,2000,2,3,0
235,365,1999,1,3,0
235,365,2014,1,3,0
235,433,1961,1,3,0
235,433,1969,1,4,0
235,433,1970,1,4,0
235,433,1971,1,4,0
235,433,1972,1,4,1
235,434,1961,1,4,0
235,438,1962,1,3,0
235,438,1970,1,4,0
235,438,1973,1,3,0
235,484,1969,1,4,0
235,490,1969,1,4,0
235,510,1972,1,4,0
235,551,1966,1,4,0
235,551,1967,1,4,0
235,551,1968,1,4,0
235,551,1969,1,4,0
235,551,1971,1,4,0
235,551,1972,1,4,0
235,551,1973,1,4,0
235,553,1973,1,4,0
235,620,2011,1,2,0
235,700,2001,1,3,0
235,750,1954,1,3,0
235,750,1955,1,3,0
235,750,1961,1,4,1
235,850,1975,1,4,0
235,850,1976,1,4,0
260,265,1961,2,4,0
260,265,1962,1,4,1
260,265,1967,1,4,0
260,265,1971,1,4,0
260,290,1961,1,3,0
260,290,1987,1,4,0
260,315,1961,1,3,0
260,315,1963,1,4,0
260,315,1984,1,4,0
260,315,1985,1,4,0
260,315,1986,1,4,1
260,345,1992,1,4,0
260,345,1993,1,4,0
260,345,1994,1,4,0
260,345,1995,1,4,0
260,345,1996,1,4,0
260,345,1998,1,4,0
260,345,1999,1,4,0
260,345,2000,2,3,0
260,365,1961,1,4,0
260,365,1963,1,4,0
260,365,1964,1,3,0
260,365,1980,1,3,0
260,365,1999,1,3,0
260,365,2012,1,3,0
260,365,2013,1,3,0
260,365,2014,1,3,0
260,395,1974,1,4,0
260,620,2011,1,2,0
260,645,1991,1,3,0
260,645,1999,1,3,0
260,700,2001,1,3,0
260,713,1956,1,4,0
265,315,1968,1,4,0
290,315,1968,1,4,0
290,345,1999,1,3,0
290,345,2000,2,3,0
290,365,1956,1,4,0
290,365,1993,1,3,0
290,365,1997,1,4,0
290,365,2014,1,3,0
290,620,2011,1,2,0
290,645,2003,1,4,1
290,713,1954,1,4,0
305,310,1960,1,3,0
305,325,1960,1,3,0
305,345,1991,1,3,0
305,345,2000,1,3,0
305,710,2001,1,3,0
310,315,1968,1,4,0
310,344,1995,1,3,0
310,345,1949,1,4,0
310,345,1950,1,4,0
310,345,1951,1,4,1
310,345,1952,1,4,1
310,345,1991,1,3,0
310,345,1994,1,3,0
310,345,1995,1,3,0
310,345,1999,1,3,0
310,345,2000,2,3,0
310,360,1971,1,3,0
310,365,1956,1,5,1
310,620,2011,1,2,0
315,355,1968,1,4,0
315,360,1971,1,3,0
315,365,1968,1,4,0
315,713,1953,1,4,0
316,345,1999,1,3,0
316,345,2000,2,3,0
316,620,2011,1,2,0
317,345,2000,1,3,0
317,620,2011,1,2,0
325,339,1952,1,3,0
325,339,1955,1,4,0
325,345,1953,1,3,0
325,345,1954,1,4,0
325,345,1992,1,4,0
325,345,1993,1,4,0
325,345,1994,1,4,0
325,345,1995,1,4,0
325,345,1996,1,4,0
325,345,1998,1,4,0
325,345,1999,1,4,0
325,345,2000,2,3,0
325,365,1980,1,3,0
325,365,1982,1,3,0
325,365,1999,1,3,0
325,620,1978,1,4,0
325,620,2011,1,4,0
325,645,1990,1,3,0
325,645,1991,1,5,1
325,645,1999,1,3,0
325,750,2012,1,4,0
338,652,1989,1,4,0
339,343,1993,1,4,1
339,343,1997,1,4,0
339,343,2002,1,4,0
339,345,1949,1,4,1
339,345,1952,1,4,1
339,345,1976,1,4,0
339,345,1993,1,4,0
339,345,1994,1,4,1
339,345,1995,1,3,0
339,345,1997,1,3,0
339,345,1998,1,4,0
339,345,1999,1,4,0
339,345,2000,1,3,0
339,350,1946,1,4,0
339,350,1947,1,4,0
339,350,1948,1,4,1
339,350,1949,1,4,1
339,350,1994,1,4,1
339,350,1997,1,4,0
339,620,2011,1,2,0
340,347,2011,1,3,0
340,347,2013,1,4,0
341,620,2011,1,2,0
343,345,1994,1,3,0
343,345,1998,1,3,0
343,345,1999,1,3,0
344,345,1992,1,4,0
344,345,1993,2,4,1
344,345,1995,1,3,0
344,345,1997,1,3,0
344,345,2000,1,4,0
344,346,1992,1,4,0
344,346,1993,2,4,0
344,346,1994,2,4,1
344,346,1996,1,4,0
344,349,2002,1,3,0
344,620,2011,1,2,0
344,850,2005,1,4,0
345,346,1992,1,4,0
345,346,1993,1,4,1
345,346,1994,1,3,0
345,349,2000,1,3,0
345,350,1992,1,4,0
345,350,1993,1,4,0
345,350,1994,1,4,0
345,350,1995,1,4,0
345,350,1996,1,4,0
345,350,1998,1,3,0
345,350,1999,1,3,0
345,350,2000,2,3,0
345,355,1950,1,4,0
345,355,1951,1,4,1
345,355,1952,1,4,1
345,355,1971,1,3,0
345,355,2000,1,3,0
345,360,1950,1,4,0
345,360,1951,1,4,1
345,360,1952,1,4,1
345,360,1993,1,4,0
345,360,2000,1,3,0
345,365,1949,1,4,0
345,365,1950,1,4,0
345,365,1951,1,4,1
345,365,1952,1,4,1
345,365,1980,1,2,0
345,365,1998,1,3,0
345,365,2000,1,3,0
345,366,2000,1,3,0
345,368,1998,1,3,0
345,368,2000,1,3,0
345,369,2000,1,3,0
345,372,2000,1,3,0
345,373,2000,1,3,0
345,375,2000,1,3,0
345,380,2000,1,3,0
345,385,1998,1,4,0
345,385,1999,1,4,0
345,385,2000,2,3,0
345,390,1992,1,3,0
345,390,1998,1,4,0
345,390,1999,1,4,0
345,390,2000,2,3,0
345,395,1998,1,3,0
345,395,1999,1,3,0
345,395,2000,2,3,0
345,600,2000,1,3,0
345,640,1992,1,3,0
345,640,1993,1,2,0
345,640,1998,1,4,0
345,640,1999,1,4,0
345,640,2000,2,3,0
345,663,2000,1,3,0
345,696,2000,1,3,0
349,620,2011,1,2,0
350,355,1950,1,3,0
350,355,1952,1,4,1
350,620,2011,1,4,0
350,640,1963,1,4,0
350,640,1964,1,4,1
350,640,1967,1,3,0
350,640,1974,3,5,1
350,640,1975,1,2,0
350,640,1976,1,3,0
350,640,1978,1,4,0
350,640,1981,1,3,0
350,640,1982,2,4,0
350,640,1983,1,4,0
350,640,1984,2,4,0
350,640,1985,1,2,0
350,640,1986,1,4,0
350,640,1987,1,4,1
350,640,1989,1,3,0
350,640,1994,1,4,0
350,640,1995,2,4,0
350,640,1996,2,4,0
350,640,1997,3,4,0
350,640,1998,2,4,0
350,640,1999,2,3,0
350,640,2000,2,3,0
350,640,2001,3,3,1
350,640,2002,3,3,0
350,640,2003,1,3,0
350,640,2004,1,3,0
350,640,2005,1,3,0
350,640,2006,1,3,0
350,640,2007,1,3,0
350,640,2010,1,3,0
350,640,2011,1,3,0
350,640,2012,2,3,0
350,640,2013,1,3,0
350,640,2014,1,3,0
350,645,1990,1,3,0
350,645,1991,1,3,0
350,645,1999,1,3,0
350,700,2001,1,3,0
350,710,1950,1,5,0
350,710,1951,1,5,0
350,710,1952,1,5,0
350,710,1953,1,5,1
350,731,1950,1,5,0
350,731,1951,1,5,0
350,731,1952,1,5,0
350,731,1953,1,5,1
352,640,1965,2,2,0
352,640,1967,1,3,0
352,640,1974,1,5,1
352,640,1986,1,3,0
352,640,1988,1,3,1
352,640,1993,2,4,1
352,640,1994,1,3,0
352,640,1995,1,3,0
352,640,1996,1,4,0
352,640,1997,1,4,0
352,640,1998,1,4,0
352,640,1999,1,4,0
352,640,2000,1,4,0
352,640,2001,1,4,1
352,640,2002,1,3,0
352,640,2011,1,3,0
352,651,1978,1,4,1
352,651,1983,1,4,1
355,620,2011,1,4,0
355,640,1952,1,4,0
355,640,1986,1,4,0
355,640,2008,1,4,0
355,666,1955,1,4,0
355,705,1996,1,4,0
359,365,1992,1,4,0
359,365,1993,1,3,0
359,369,2003,1,3,0
359,369,2004,1,3,0
359,369,2009,1,3,0
360,365,1971,1,3,0
360,369,1997,1,3,0
360,620,2011,1,4,0
365,366,1992,1,4,0
365,366,2013,1,3,0
365,366,2014,1,3,0
365,367,1994,1,3,0
365,367,1998,1,3,0
365,368,1995,1,3,0
365,368,2012,1,3,0
365,368,2014,2,4,0
365,369,1992,1,4,0
365,369,1994,1,4,0
365,369,1996,1,3,0
365,369,2005,1,3,0
365,369,2008,1,3,0
365,369,2013,1,4,0
365,369,2014,2,4,0
365,372,1992,1,4,0
365,372,1993,1,4,1
365,372,1997,1,4,0
365,372,1999,1,3,0
365,372,2000,1,3,0
365,372,2001,2,4,0
365,372,2002,1,4,0
365,372,2003,3,4,0
365,372,2004,2,4,0
365,372,2005,2,4,0
365,372,2006,1,4,0
365,372,2007,1,4,0
365,372,2008,1,4,0
365,372,2009,1,4,0
365,372,2010,1,4,1
365,372,2011,1,4,0
365,372,2012,1,3,0
365,372,2013,1,3,0
365,372,2014,1,3,0
365,373,1993,1,4,0
365,373,1999,1,4,0
365,373,2002,1,3,0
365,375,1954,1,3,0
365,375,2007,1,3,0
365,375,2008,1,3,0
365,375,2011,1,3,0
365,375,2013,1,3,0
365,375,2014,1,3,0
365,380,1952,1,4,0
365,380,1955,1,4,0
365,380,1964,1,3,0
365,380,1981,1,3,0
365,380,1982,1,4,0
365,380,1983,1,4,0
365,380,1987,1,4,0
365,380,1988,1,4,0
365,380,1992,1,4,0
365,380,2014,1,3,0
365,385,1956,1,4,0
365,385,1960,1,4,0
365,385,1978,1,3,0
365,385,1980,1,3,0
365,385,1983,1,4,0
365,385,1987,1,3,0
365,385,1998,1,4,0
365,385,1999,2,3,0
365,385,2001,1,3,0
365,385,2005,1,4,0
365,385,2008,1,3,0
365,385,2011,2,4,0
365,385,2012,2,3,0
365,385,2013,1,3,0
365,385,2014,1,3,0
365,390,1999,1,3,0
365,390,2003,1,3,0
365,390,2011,1,3,0
365,390,2012,2,3,0
365,390,2013,1,3,0
365,390,2014,1,3,0
365,433,2014,1,4,0
365,452,1968,1,4,0
365,452,1969,1,4,0
365,625,2003,1,4,0
365,630,1946,1,3,0
365,630,1951,1,4,0
365,630,1959,1,3,0
365,630,1963,1,4,0
365,630,1978,1,4,1
365,630,1980,1,3,0
365,630,1983,1,4,0
365,630,1986,1,4,0
365,630,1987,1,4,0
365,640,1946,1,3,0
365,640,1957,1,3,0
365,640,1960,1,4,0
365,640,1962,1,4,0
365,640,1993,1,4,0
365,640,1996,1,4,0
365,640,1999,2,3,0
365,640,2000,1,4,1
365,640,2013,1,3,0
365,640,2014,2,3,0
365,645,1993,1,2,0
365,663,1957,1,3,0
365,666,1956,1,2,0
365,666,1967,1,2,0
365,666,1970,1,4,1
365,666,1971,1,3,0
365,666,1973,1,3,0
365,666,1974,1,3,0
365,698,1980,1,3,0
365,700,1980,1,4,0
365,700,1981,1,4,0
365,700,1982,1,4,0
365,700,1984,1,3,0
365,700,1985,1,3,0
365,700,1993,1,4,0
365,700,1994,2,4,1
365,700,1995,1,4,0
365,700,1997,1,3,0
365,700,1998,1,3,0
365,700,1999,1,4,0
365,700,2000,1,4,0
365,700,2001,2,4,1
365,705,2013,1,4,0
365,710,1946,1,4,0
365,710,1947,1,4,0
365,710,1948,1,4,0
365,710,1964,1,3,0
365,710,1965,2,3,0
365,710,1966,2,4,0
365,710,1967,2,4,0
365,710,1968,2,4,1
365,710,1969,1,4,1
365,710,1974,2,4,0
365,710,1977,1,4,0
365,710,1978,2,4,0
365,710,1979,2,4,1
365,710,1980,2,4,1
365,710,1986,1,4,1
365,710,1993,1,4,0
365,710,1994,1,4,0
365,710,2009,1,4,0
365,710,2012,1,4,0
365,713,1953,1,4,0
365,713,1954,1,4,0
365,713,1958,1,4,0
365,732,1954,1,3,0
365,732,1959,1,4,1
365,732,1965,1,2,0
365,732,1967,1,4,0
365,732,1983,1,4,0
365,732,2011,1,3,0
365,732,2012,1,3,0
365,732,2013,1,3,0
365,732,2014,1,3,0
365,740,1953,1,4,0
365,740,1954,1,4,0
365,740,1955,1,4,0
365,740,1956,1,4,0
365,740,1957,1,4,0
365,740,1958,1,4,0
365,740,1959,1,4,0
365,740,1960,2,4,0
365,740,1961,2,4,0
365,740,1962,2,4,0
365,740,1967,1,4,0
365,740,1968,1,4,0
365,740,1969,1,4,0
365,740,1976,1,4,0
365,740,1977,1,3,0
365,740,1978,1,3,0
365,740,1979,1,3,0
365,740,1982,2,4,0
365,740,1983,1,4,0
365,740,1984,1,3,0
365,740,1993,1,4,0
365,740,1994,1,4,0
365,740,1995,1,4,0
365,740,1996,1,4,0
365,740,2000,1,4,0
365,740,2001,1,3,0
365,740,2006,2,4,0
365,740,2008,1,3,0
365,740,2009,1,4,0
365,740,2011,1,3,0
365,740,2012,1,3,0
365,740,2013,1,3,0
365,740,2014,1,3,0
365,770,1960,1,4,0
365,800,1961,1,4,0
365,800,1962,1,3,0
365,812,1960,1,4,0
365,812,1961,1,4,0
365,812,1962,1,4,1
365,817,1964,1,2,0
365,817,1965,1,2,0
365,840,1959,1,4,0
365,900,1962,1,3,0
365,900,1964,1,2,0
365,900,1965,1,2,0
365,920,1962,1,3,0
365,920,1965,1,2,0
366,620,2011,1,2,0
367,620,2011,1,2,0
368,370,2001,1,3,0
368,411,2000,1,4,0
368,620,2011,1,2,0
371,373,1992,1,4,0
371,373,1993,1,5,0
371,373,1994,1,5,0
371,373,1995,2,4,1
371,373,1996,2,4,0
371,373,1997,1,4,0
371,373,1998,1,4,0
371,373,1999,1,4,1
371,373,2000,1,4,0
371,373,2001,2,4,0
371,373,2002,1,4,0
371,373,2003,1,4,0
371,373,2004,1,4,0
371,373,2005,1,4,0
371,373,2006,1,4,0
371,373,2007,1,4,0
371,373,2008,1,4,0
371,373,2009,1,4,0
371,373,2010,1,4,1
371,630,1993,1,3,0
371,630,1994,1,4,1
371,640,1993,1,3,0
371,640,2000,1,3,0
371,640,2006,1,4,0
372,373,1996,1,3,0
373,630,2001,1,3,1
373,630,2002,1,3,0
373,630,2003,1,3,0
373,630,2011,1,4,1
380,620,2011,1,3,0
385,390,1981,1,3,0
385,620,2011,1,4,0
385,900,2001,1,4,0
390,620,2011,1,4,0
395,620,2011,1,2,0
404,433,1990,1,4,1
404,433,1992,1,4,0
404,433,2014,1,4,0
411,481,1972,1,4,0
420,433,1971,1,4,0
420,433,1974,1,4,0
420,433,2002,1,3,0
432,435,1962,1,4,0
432,435,2003,1,3,0
432,436,1993,1,4,1
432,439,1974,1,4,0
432,439,1975,1,4,1
432,439,1985,1,4,0
432,439,1986,2,4,1
432,615,2003,1,3,0
433,435,1989,2,4,0
433,435,1990,1,4,1
433,645,1990,1,3,0
433,645,1991,1,3,0
434,436,1963,1,4,0
434,436,1964,1,4,0
434,436,2000,1,4,0
434,475,2000,1,4,0
435,600,1980,1,4,0
435,600,1987,1,3,0
435,615,1975,1,2,0
436,483,1993,1,4,1
436,645,1990,1,3,0
436,645,1991,1,3,0
437,438,1966,1,4,1
437,438,1967,1,4,0
437,438,1996,1,4,0
437,438,2013,1,4,0
437,450,1990,1,2,0
437,450,2002,1,4,0
437,450,2003,1,4,0
437,475,1993,1,4,0
438,450,1999,1,3,0
438,450,2000,1,4,0
438,450,2001,1,4,1
438,451,1997,1,4,0
438,451,1998,1,4,0
438,451,2001,1,4,0
438,452,1966,2,4,1
450,451,1991,1,4,0
450,451,1999,1,3,0
450,451,2001,1,4,0
450,451,2002,1,4,0
450,475,1998,1,3,0
450,475,1999,1,3,0
451,452,1997,1,4,0
451,475,1997,1,4,0
451,475,1998,1,4,0
451,645,1990,1,3,0
451,645,1991,1,3,0
452,461,1962,1,3,0
452,461,1965,1,4,1
452,461,1982,1,4,0
452,461,1993,1,3,0
452,461,1994,1,3,0
452,461,2005,1,4,0
452,490,1960,1,3,0
471,475,1981,1,4,1
471,475,1987,1,3,0
471,475,1994,1,4,1
471,475,1995,1,4,0
471,475,1996,1,4,0
471,475,1997,1,4,1
471,475,1998,1,4,0
471,475,2005,1,4,1
471,481,1976,1,4,0
471,482,2001,1,4,0
471,482,2011,1,4,0
475,483,1983,1,4,1
475,483,1995,1,4,0
482,483,1969,1,4,0
482,483,2001,1,3,0
482,484,1977,1,4,1
482,500,1977,1,4,1
482,540,1977,1,4,1
483,500,1998,1,5,0
483,500,1999,1,5,0
483,517,1998,1,5,0
483,517,1999,1,5,0
483,620,1976,1,4,0
483,620,1977,2,4,0
483,620,1978,1,4,0
483,620,1979,1,4,0
483,620,1980,1,4,0
483,620,1981,1,3,0
483,620,1983,1,4,0
483,620,1984,1,4,0
483,620,1986,1,4,0
483,620,1987,1,5,1
483,620,1994,1,3,0
483,625,1966,1,4,0
483,625,2004,1,4,1
483,625,2005,1,4,0
483,625,2006,2,4,0
483,625,2007,2,4,1
483,625,2008,1,4,0
483,625,2009,1,4,1
484,490,1965,1,3,0
484,490,1969,1,4,0
484,490,1970,1,4,0
484,490,1977,1,4,1
484,490,1980,1,3,0
484,490,1987,1,4,0
484,490,1993,1,4,0
484,490,1997,1,4,0
484,540,1995,1,4,1
484,540,1997,1,4,0
484,540,2013,1,4,0
484,600,1977,1,4,1
484,651,1977,1,4,1
490,500,1965,1,4,0
490,500,1977,1,4,1
490,500,1987,1,4,1
490,500,1996,1,4,0
490,500,1998,1,5,0
490,500,1999,1,5,0
490,500,2000,1,5,0
490,500,2001,1,5,1
490,500,2005,1,2,0
490,500,2006,1,4,1
490,500,2007,1,4,1
490,500,2013,2,4,0
490,516,2004,1,4,0
490,516,2007,1,4,0
490,517,1996,1,4,0
490,517,1997,1,4,1
490,517,1998,1,5,0
490,517,1999,1,5,0
490,517,2000,1,5,0
490,517,2001,1,5,1
490,517,2002,2,4,0
490,517,2003,1,4,0
490,517,2004,1,4,0
490,517,2012,1,4,1
490,517,2013,2,4,0
490,517,2014,1,4,1
490,540,1975,1,5,0
490,540,1976,1,5,0
490,540,1977,2,4,1
490,540,1978,1,4,1
490,540,1994,1,3,0
490,540,1997,1,3,0
490,540,2002,1,4,0
490,540,2005,1,3,0
490,540,2009,1,4,0
490,551,1971,1,4,1
490,551,1977,1,4,0
490,551,1980,1,4,0
490,551,1981,1,4,0
490,551,1982,1,4,1
490,551,1990,1,4,0
490,551,1994,1,4,0
490,551,2004,1,3,0
490,552,1966,1,2,0
490,560,1977,1,4,0
490,620,1983,1,4,0
490,620,1984,1,4,0
490,620,2002,1,4,0
490,626,2013,1,4,0
500,501,1965,1,4,0
500,501,1973,1,4,0
500,501,1976,1,4,0
500,501,1987,1,4,1
500,501,1989,1,4,1
500,501,1995,2,3,0
500,501,1997,1,3,0
500,501,2002,1,4,1
500,501,2010,1,4,1
500,510,1971,1,4,1
500,510,1972,1,4,0
500,510,1973,1,4,1
500,510,1974,1,4,0
500,510,1975,1,4,0
500,510,1977,1,4,1
500,510,1978,1,5,0
500,510,1979,1,5,1
500,517,1971,1,3,0
500,517,1991,1,4,0
500,517,1999,1,4,0
500,517,2000,1,4,0
500,517,2001,1,3,0
500,517,2003,1,3,0
500,517,2004,1,4,1
500,517,2010,1,3,0
500,540,1998,1,5,1
500,540,1999,1,5,1
500,540,2000,1,5,1
500,540,2001,1,5,1
500,551,1973,1,3,0
500,551,1974,1,4,0
500,551,1975,1,4,0
500,552,1998,1,5,0
500,552,1999,1,5,0
500,552,2000,1,5,0
500,552,2001,1,5,1
500,565,1998,1,5,0
500,565,1999,1,5,0
500,565,2000,1,5,0
500,565,2001,1,5,1
500,600,1977,1,4,1
500,625,1968,1,4,0
500,625,1971,2,3,0
500,625,1974,1,4,0
500,625,1989,1,4,0
500,625,1990,1,4,1
500,625,1994,1,4,0
500,625,1995,1,4,0
500,625,1996,1,4,0
500,625,1997,2,4,0
500,625,1998,1,4,0
500,625,1999,1,4,0
500,625,2001,1,3,0
500,651,1977,1,4,1
500,666,1976,1,4,1
501,510,1977,1,4,0
501,520,1963,1,4,0
501,520,1964,1,4,0
501,520,1967,1,4,1
501,520,1977,1,4,0
501,520,1989,1,4,0
501,520,2005,1,3,0
501,520,2006,1,3,0
501,520,2008,1,3,0
501,520,2009,1,3,0
501,520,2011,1,4,0
501,520,2013,1,4,0
501,530,1999,1,4,1
501,530,2002,1,4,0
501,530,2003,1,4,0
501,530,2004,1,3,0
501,530,2005,1,4,0
501,530,2006,1,4,1
501,651,1978,1,4,0
510,516,1973,2,4,0
510,516,1995,1,3,0
510,516,1997,1,4,0
510,516,2002,1,3,0
510,552,1977,1,2,0
510,552,1978,1,2,0
510,552,1979,1,2,0
510,560,1977,1,4,1
510,620,1972,1,4,1
510,620,1979,1,5,1
516,517,1964,1,4,0
516,517,1972,1,4,0
516,517,1973,1,3,0
516,517,2004,1,3,0
516,517,2006,1,3,0
517,540,1998,1,5,1
517,540,1999,1,5,1
517,540,2000,1,5,1
517,540,2001,1,5,1
517,552,1998,1,5,0
517,552,1999,1,5,0
517,552,2000,1,5,0
517,552,2001,1,5,1
517,565,1998,1,5,0
517,565,1999,1,5,0
517,565,2000,1,5,0
517,565,2001,1,5,1
520,530,1960,1,4,0
520,530,1961,1,4,0
520,530,1963,1,4,0
520,530,1964,1,4,1
520,530,1965,1,4,0
520,530,1966,1,4,1
520,530,1967,1,4,1
520,530,1973,1,3,0
520,530,1974,1,4,1
520,530,1975,1,4,0
520,530,1976,1,4,1
520,530,1977,1,5,0
520,530,1978,2,5,1
520,530,1979,1,4,0
520,530,1980,1,4,0
520,530,1981,1,4,1
520,530,1982,1,4,0
520,530,1983,1,4,0
520,530,1984,2,4,1
520,530,1985,2,4,1
520,530,2002,1,4,0
520,530,2005,1,3,0
520,530,2006,1,4,0
520,530,2008,2,4,1
520,530,2009,1,4,0
520,530,2010,1,4,0
520,530,2011,1,4,0
520,552,1966,1,2,0
520,620,1981,1,3,0
522,531,1995,1,4,0
522,531,1996,1,4,0
522,531,1998,1,3,0
522,531,2008,1,4,1
530,531,1998,1,5,0
530,531,1999,1,5,0
530,531,2000,1,5,1
530,531,2002,1,4,0
530,531,2003,1,4,1
530,531,2005,2,3,0
530,531,2006,1,3,0
530,531,2007,1,4,0
530,531,2010,1,4,1
530,531,2012,1,4,0
530,625,1967,1,4,0
530,625,1977,1,3,0
530,625,1979,1,4,0
530,625,1983,1,3,0
530,625,1986,1,4,0
530,625,1987,1,4,0
530,625,1988,1,3,0
530,625,1994,1,4,0
530,625,1995,1,4,0
530,625,1996,1,4,0
530,625,1997,1,4,0
530,625,2008,1,4,0
530,710,1951,1,5,0
530,710,1952,1,5,0
530,710,1953,1,5,1
530,731,1951,1,5,0
530,731,1952,1,5,0
530,731,1953,1,5,1
531,625,1994,1,3,0
531,625,1996,1,4,0
531,625,1997,1,4,0
531,625,1998,1,4,0
531,625,1999,1,4,0
531,625,2002,1,4,0
531,625,2004,1,4,0
531,678,1995,1,4,0
531,678,1996,1,4,0
531,678,1997,1,4,0
531,678,1999,1,4,0
531,678,2005,1,4,0
531,678,2010,1,4,0
540,551,1976,1,4,0
540,551,2001,1,4,1
540,552,1979,1,4,0
540,560,1975,1,5,0
540,560,1976,1,5,0
540,560,1977,1,4,0
540,560,1978,1,4,0
540,560,1979,1,4,0
540,560,1980,1,4,0
540,560,1981,1,4,0
540,560,1982,1,4,0
540,560,1983,1,4,0
540,560,1984,1,4,0
540,560,1985,1,4,0
540,560,1986,1,4,0
540,560,1987,1,5,0
540,560,1988,1,5,1
540,600,1977,1,4,1
540,600,1978,1,3,0
540,651,1977,1,4,1
541,552,1975,1,4,0
541,552,1976,1,4,0
541,552,1977,1,4,0
541,553,1986,1,2,0
541,560,1983,1,4,1
541,560,1987,2,4,0
541,572,1994,1,3,0
551,552,1965,1,3,0
551,552,1966,2,4,0
551,552,1969,1,3,0
551,552,1973,1,4,1
551,552,1974,1,4,0
551,552,1976,1,4,0
551,552,1977,2,4,0
551,552,1978,1,4,0
551,552,1979,1,4,0
551,553,1986,1,2,0
551,560,1968,1,2,0
551,560,1973,2,4,1
551,560,1974,2,4,0
551,560,1977,1,4,1
551,560,1978,1,4,0
551,560,1986,1,3,0
551,560,1987,1,4,0
552,553,1986,1,2,0
552,560,1986,1,4,0
552,560,1988,1,2,0
552,571,1975,1,4,0
552,571,1976,1,4,0
552,571,1977,1,4,0
552,571,1978,3,4,1
552,571,1979,1,4,0
552,580,1966,1,2,0
560,570,1982,1,4,0
560,570,1983,1,4,0
560,570,1994,2,3,0
560,571,1984,1,4,0
560,571,1985,1,4,0
560,571,1986,1,4,0
560,571,1987,1,4,0
560,571,1988,1,4,0
560,572,1986,1,4,0
560,572,1988,1,4,0
560,710,1952,1,4,0
560,710,1953,1,4,1
560,731,1951,1,4,0
560,731,1952,1,4,0
560,731,1953,1,4,1
565,571,1997,1,3,0
565,571,1998,1,3,0
600,615,1962,1,4,1
600,615,1963,1,4,1
600,615,1975,1,3,0
600,615,1979,1,4,0
600,615,1980,1,3,0
600,615,1984,1,4,1
600,645,1990,1,3,0
600,645,1991,1,3,0
615,666,1968,1,4,0
615,666,1970,1,4,0
616,620,1977,1,3,0
616,620,1980,2,3,0
616,620,1985,1,3,0
616,620,2011,1,4,0
616,645,1961,1,4,0
616,645,1962,1,4,0
616,666,1985,1,4,0
620,625,1972,1,4,0
620,625,1979,1,3,0
620,625,1981,1,4,0
620,625,1983,2,3,0
620,625,1984,1,4,0
620,640,2011,1,4,0
620,651,1975,1,4,0
620,651,1977,1,4,1
620,651,1978,1,3,0
620,651,1979,1,3,0
620,651,1980,1,3,0
620,651,1981,2,4,0
620,651,1983,1,3,0
620,651,1984,1,4,0
620,651,1985,1,3,0
620,663,2011,1,4,0
620,666,1973,1,4,0
620,666,1986,1,4,0
620,694,2011,1,4,0
620,696,2011,1,4,0
620,698,1981,1,3,0
625,626,2011,1,4,0
625,626,2012,1,4,0
625,626,2013,1,4,0
625,626,2014,2,4,0
625,645,1961,1,4,0
625,645,1962,1,4,0
625,651,1958,1,4,0
625,651,1991,1,3,0
625,651,1993,1,4,0
625,651,1994,1,4,0
625,651,1995,1,4,1
625,651,1996,1,4,0
625,666,2011,2,4,0
625,666,2012,1,4,0
630,640,1981,1,4,1
630,640,1986,2,4,0
630,640,1987,1,4,0
630,640,1988,1,4,1
630,640,1996,1,4,0
630,640,1997,1,3,0
630,640,1999,1,4,0
630,640,2001,1,3,0
630,640,2004,1,4,1
630,640,2012,1,3,0
630,640,2014,1,3,0
630,645,1959,1,4,0
630,645,1960,1,4,1
630,645,1961,1,4,0
630,645,1965,1,4,0
630,645,1966,2,4,1
630,645,1969,2,4,1
630,645,1970,1,4,0
630,645,1971,2,4,1
630,645,1972,1,4,1
630,645,1973,1,4,0
630,645,1974,1,4,0
630,645,1975,1,4,1
630,645,1979,2,4,0
630,645,1980,1,5,0
630,645,1981,1,5,0
630,645,1982,1,5,0
630,645,1983,1,5,0
630,645,1984,1,5,0
630,645,1985,1,5,0
630,645,1986,1,5,0
630,645,1987,1,5,0
630,645,1988,1,5,1
630,645,1989,2,4,1
630,645,1992,1,4,0
630,645,1993,1,4,0
630,645,1994,1,4,0
630,645,1996,1,4,0
630,645,1997,2,4,0
630,645,1998,1,4,0
630,645,1999,1,4,0
630,645,2002,1,3,0
630,645,2003,2,4,1
630,645,2004,1,4,0
630,645,2005,2,4,1
630,645,2006,1,4,0
630,645,2007,1,4,0
630,645,2008,1,4,0
630,645,2009,3,4,0
630,645,2010,2,4,1
630,645,2011,1,4,0
630,651,1993,1,2,0
630,666,2010,1,3,0
630,670,1984,2,4,0
630,670,1985,2,4,0
630,670,1986,3,4,0
630,670,1987,1,4,0
630,670,1988,1,4,0
630,670,2012,1,3,0
630,680,1976,1,4,0
630,690,1980,1,4,0
630,690,1981,1,4,0
630,690,1984,1,4,0
630,690,1985,2,4,0
630,690,1986,3,4,0
630,690,1987,1,4,0
630,690,1988,1,4,0
630,692,1984,1,4,0
630,692,1986,1,2,0
630,692,1988,1,4,0
630,694,1984,1,4,0
630,694,1986,1,2,0
630,694,1987,1,4,0
630,694,2004,1,4,0
630,696,1984,1,4,0
630,696,1986,1,2,0
630,696,1988,1,4,0
630,696,1992,1,3,0
630,696,2004,1,4,0
630,698,1984,1,4,0
630,700,1979,1,4,0
630,700,1980,1,3,0
630,700,1983,1,3,0
630,700,1995,1,3,0
630,700,1998,1,4,0
630,700,1999,1,4,0
630,700,2007,1,4,1
630,700,2008,1,4,0
630,700,2009,1,4,1
630,700,2010,1,4,0
630,700,2011,1,4,0
630,700,2012,1,4,0
630,700,2013,1,4,1
630,700,2014,2,4,0
630,750,2013,1,4,0
630,770,2009,1,3,0
630,770,2012,1,4,0
630,770,2013,1,4,0
630,770,2014,2,4,1
640,645,1958,1,3,0
640,645,1962,1,4,1
640,645,1965,1,4,0
640,645,1984,1,4,0
640,645,1985,1,4,0
640,645,1987,1,4,0
640,645,1990,1,3,0
640,645,1991,2,4,0
640,645,1995,1,4,0
640,645,1996,1,4,0
640,645,1997,1,4,0
640,645,1998,1,4,0
640,645,1999,3,4,0
640,645,2000,1,4,0
640,645,2001,2,4,0
640,645,2002,1,4,0
640,645,2003,1,4,1
640,645,2005,1,3,0
640,645,2007,1,4,0
640,645,2008,1,4,0
640,645,2009,1,4,1
640,645,2011,1,4,0
640,645,2012,1,4,0
640,645,2013,1,4,0
640,645,2014,1,4,0
640,651,1957,1,4,1
640,651,1959,1,4,0
640,652,1955,2,4,0
640,652,1956,1,4,1
640,652,1957,1,4,1
640,652,1958,1,4,0
640,652,1962,1,4,1
640,652,1965,1,4,1
640,652,1989,1,4,0
640,652,1996,1,3,0
640,652,1997,1,3,0
640,652,1998,1,3,0
640,652,2004,1,3,0
640,652,2011,1,4,0
640,652,2012,1,4,0
640,652,2013,1,4,0
640,652,2014,2,4,0
640,666,2011,1,3,0
640,666,2012,1,3,0
640,700,2001,1,4,0
640,710,1950,1,5,0
640,710,1951,1,5,0
640,710,1952,1,5,0
640,710,1953,1,5,1
640,731,1950,1,5,0
640,731,1951,1,5,0
640,731,1952,1,5,0
640,731,1953,1,5,1
645,651,1959,2,4,0
645,651,1961,1,4,0
645,651,1962,1,4,0
645,651,1990,1,3,0
645,651,1991,1,5,1
645,651,1999,1,3,0
645,652,1957,1,4,1
645,652,1976,1,3,0
645,652,1982,1,3,0
645,652,1987,1,4,0
645,652,1990,1,3,0
645,652,1991,1,5,1
645,652,2005,1,4,0
645,652,2012,1,4,0
645,652,2013,1,4,0
645,652,2014,1,4,0
645,663,1949,1,3,0
645,663,1961,1,4,0
645,663,1962,1,4,0
645,663,1970,1,3,0
645,663,1999,1,3,0
645,666,1948,1,5,1
645,666,1967,1,5,1
645,666,1973,1,5,1
645,666,1981,2,3,0
645,666,1982,1,3,0
645,666,1990,1,4,0
645,666,1991,2,4,0
645,666,1998,1,3,0
645,666,2002,1,2,0
645,666,2003,1,3,0
645,670,1961,1,4,0
645,670,1962,1,4,0
645,670,1973,1,4,1
645,670,1990,1,3,0
645,670,1991,1,5,1
645,670,1993,1,4,0
645,670,1999,1,4,0
645,670,2000,1,4,0
645,670,2001,1,4,1
645,670,2003,1,3,0
645,690,1961,1,4,0
645,690,1962,1,4,0
645,690,1967,1,3,0
645,690,1972,1,4,0
645,690,1973,1,4,1
645,690,1975,1,4,0
645,690,1985,1,4,0
645,690,1990,1,4,1
645,690,1991,1,4,0
645,690,1992,2,4,0
645,690,1993,2,4,0
645,690,1994,2,4,1
645,690,1995,1,3,0
645,690,1996,2,4,0
645,690,1997,2,4,0
645,690,1998,1,3,0
645,690,1999,3,3,0
645,690,2000,1,3,0
645,690,2001,1,3,0
645,690,2002,1,3,0
645,690,2003,1,3,0
645,692,1986,1,4,0
645,692,1991,1,4,0
645,692,1994,1,3,0
645,692,2003,1,3,0
645,694,1991,1,4,0
645,694,2003,1,3,0
645,696,1990,1,4,0
645,696,1991,1,4,0
645,696,1994,1,3,0
645,696,1999,1,3,0
645,696,2003,1,3,0
645,698,1991,1,4,1
645,698,1994,1,3,0
645,698,2003,1,3,0
645,740,1991,1,2,0
645,770,1973,1,4,0
645,770,1990,1,3,0
645,770,1991,1,3,0
645,771,1990,1,3,0
645,771,1991,1,3,0
645,900,1990,1,4,0
645,900,1991,1,4,0
645,900,2003,1,5,1
651,663,1948,1,4,0
651,663,1957,1,3,0
651,663,1959,2,4,0
651,663,1960,1,4,0
651,663,1962,1,4,0
651,666,1948,1,5,0
651,666,1949,2,5,1
651,666,1950,2,4,0
651,666,1951,3,4,0
651,666,1952,2,4,1
651,666,1953,2,4,0
651,666,1954,2,4,0
651,666,1955,2,4,0
651,666,1956,2,5,1
651,666,1957,1,4,0
651,666,1958,4,4,0
651,666,1959,5,4,0
651,666,1960,5,4,1
651,666,1961,3,4,1
651,666,1963,1,4,0
651,666,1964,1,4,0
651,666,1965,1,4,0
651,666,1966,2,4,0
651,666,1967,2,5,1
651,666,1968,1,4,0
651,666,1969,1,5,0
651,666,1970,2,5,1
651,666,1971,2,4,0
651,666,1972,1,3,0
651,666,1973,2,5,1
651,666,1974,2,4,0
651,666,1975,2,4,0
651,666,1976,1,2,0
651,666,1977,1,3,0
651,666,1979,1,3,0
651,666,1983,2,4,0
651,666,1984,1,4,0
651,666,1985,1,4,0
651,666,1989,1,4,0
651,666,2004,1,4,0
651,666,2006,1,4,1
651,666,2009,1,4,0
651,666,2011,1,4,1
651,666,2014,1,4,1
651,670,1962,1,4,0
651,670,1963,1,4,0
651,670,1964,1,2,0
651,670,1965,1,4,0
651,670,1966,1,4,0
651,670,1967,1,4,0
652,660,1949,1,4,0
652,660,1963,2,4,1
652,660,1969,1,4,0
652,660,2011,1,4,0
652,660,2012,1,4,0
652,660,2013,1,4,0
652,660,2014,1,4,1
652,663,1949,1,3,0
652,663,1957,1,4,1
652,663,1958,1,4,0
652,663,1966,1,4,1
652,663,1970,1,4,1
652,663,1971,1,4,0
652,663,1980,1,3,0
652,663,1981,1,3,0
652,663,1982,1,4,0
652,663,2012,1,4,0
652,663,2013,1,4,0
652,666,1948,1,5,1
652,666,1949,1,3,0
652,666,1950,3,4,1
652,666,1951,3,4,0
652,666,1952,3,4,1
652,666,1953,2,4,0
652,666,1954,4,4,0
652,666,1955,5,4,1
652,666,1956,2,4,0
652,666,1957,2,4,0
652,666,1958,2,4,1
652,666,1961,2,4,0
652,666,1962,2,4,0
652,666,1963,2,4,1
652,666,1964,1,4,0
652,666,1965,1,4,0
652,666,1966,3,4,1
652,666,1967,2,5,1
652,666,1968,1,4,0
652,666,1969,1,4,0
652,666,1970,2,4,0
652,666,1971,2,4,0
652,666,1972,1,3,0
652,666,1973,2,5,1
652,666,1974,2,4,0
652,666,1975,2,4,0
652,666,1976,1,4,0
652,666,1977,1,4,0
652,666,1978,1,4,0
652,666,1979,1,4,0
652,666,1980,3,4,1
652,666,1981,2,4,1
652,666,1982,2,5,1
652,666,1983,1,4,0
652,666,1984,1,4,0
652,666,1985,1,4,0
652,666,1986,1,4,1
652,666,1993,1,4,1
652,666,1994,1,4,0
652,666,1995,1,4,0
652,666,1996,1,4,1
652,666,1997,1,4,1
652,666,1998,1,4,1
652,666,1999,1,4,1
652,666,2000,1,4,0
652,666,2001,1,4,0
652,666,2003,2,4,1
652,666,2006,1,4,0
652,666,2007,1,4,0
652,666,2011,1,4,0
652,666,2012,1,4,0
652,666,2013,2,4,0
652,666,2014,1,4,0
652,670,2013,1,3,0
660,666,1948,1,5,1
660,666,1965,1,4,0
660,666,1968,1,4,0
660,666,1974,1,4,0
660,666,1975,1,4,0
660,666,1977,1,4,0
660,666,1978,1,4,1
660,666,1980,1,4,0
660,666,1981,1,4,1
660,666,1982,1,4,0
660,666,1983,1,4,0
660,666,1984,1,4,0
660,666,1985,1,4,1
660,666,1993,1,4,0
660,666,1994,1,4,0
660,666,1995,1,4,0
660,666,1996,1,4,0
660,666,1997,1,4,0
660,666,1998,1,4,0
660,666,1999,1,4,0
660,666,2000,1,4,0
660,666,2001,1,4,0
660,666,2002,1,4,0
660,666,2003,1,4,0
660,666,2004,1,4,0
660,666,2005,1,4,0
660,666,2006,2,4,1
660,666,2007,1,4,0
660,666,2008,1,4,0
660,666,2009,2,4,1
660,666,2010,1,4,0
663,666,1948,1,5,0
663,666,1949,2,5,1
663,666,1950,1,4,0
663,666,1951,1,4,0
663,666,1952,1,4,0
663,666,1953,1,4,0
663,666,1954,1,4,0
663,666,1955,1,4,0
663,666,1956,1,4,1
663,666,1957,1,4,0
663,666,1958,1,4,0
663,666,1959,2,4,1
663,666,1960,1,4,0
663,666,1961,1,4,1
663,666,1962,1,4,1
663,666,1963,1,4,0
663,666,1964,1,4,0
663,666,1965,1,4,1
663,666,1966,1,4,0
663,666,1967,2,5,1
663,666,1968,1,4,0
663,666,1969,1,4,0
663,666,1970,1,4,1
663,666,1973,1,5,1
663,666,1990,1,3,0
663,666,1991,1,3,0
663,678,1962,1,4,0
666,670,1957,1,4,0
666,670,1967,2,4,1
666,670,1973,1,5,1
666,670,1976,1,4,0
666,670,1981,1,3,0
666,670,2002,1,3,0
666,690,1967,1,3,1
670,678,1962,1,4,0
670,678,1963,1,4,0
670,678,1965,1,3,0
670,678,1966,1,2,0
670,678,1967,1,2,0
670,678,1969,1,4,0
670,678,1970,1,4,0
670,678,1980,1,4,1
670,678,1983,1,4,0
670,678,1984,1,4,0
670,678,1994,1,4,0
670,678,1995,1,4,1
670,678,1997,1,4,0
670,678,1998,1,4,0
670,678,2005,1,4,0
670,680,1969,1,4,1
670,694,1992,1,4,0
670,694,1995,1,3,0
678,680,1971,1,4,0
678,680,1972,1,4,0
678,680,1978,1,4,0
678,680,1979,1,4,0
678,698,1987,1,4,1
680,698,1972,1,4,0
680,698,1973,1,4,0
680,698,1975,1,4,0
680,698,1976,1,4,0
680,698,1980,1,3,0
680,698,1982,1,3,0
692,694,1986,1,4,0
700,701,1993,1,3,0
700,701,2014,1,4,0
700,702,1993,1,4,0
700,702,1994,1,4,1
700,702,1997,1,3,0
700,702,1998,1,3,0
700,702,2001,1,3,0
700,703,1993,1,3,0
700,703,1997,1,3,0
700,704,1993,1,3,0
700,704,1997,1,3,0
700,704,1998,1,3,0
700,704,2000,1,4,1
700,704,2001,1,4,0
700,705,1993,1,3,0
700,770,1949,1,4,0
700,770,1950,1,4,1
700,770,1951,1,4,0
700,770,1955,1,3,0
700,770,1956,1,4,1
700,770,1960,1,4,0
700,770,1961,1,4,1
700,770,1979,1,4,0
700,770,1980,1,4,0
700,770,1981,1,4,0
700,770,1982,1,4,0
700,770,1983,1,4,0
700,770,1984,1,4,0
700,770,1985,1,4,0
700,770,1986,1,4,0
700,770,1987,1,4,0
700,770,1989,1,4,0
700,770,2001,1,4,1
700,770,2002,1,4,0
700,770,2003,1,4,0
700,770,2004,1,4,0
700,770,2005,1,4,1
700,770,2006,2,4,0
700,770,2007,1,4,1
700,770,2008,1,4,1
700,770,2011,1,4,0
700,770,2012,1,4,0
700,770,2013,1,4,0
700,770,2014,1,4,0
700,900,2001,1,4,1
702,703,2005,1,4,0
702,703,2013,1,4,0
702,703,2014,1,4,1
702,704,1999,1,4,0
702,704,2004,1,4,0
702,704,2005,1,3,0
702,704,2006,1,4,1
702,704,2011,1,4,1
702,704,2012,1,4,0
703,704,1999,1,4,0
703,704,2005,2,3,0
703,704,2006,1,4,0
703,704,2010,1,4,0
703,704,2012,1,4,0
703,704,2013,1,4,1
710,712,1947,1,4,0
710,712,1948,1,4,0
710,712,1973,1,3,0
710,712,1974,1,4,0
710,713,1949,1,4,0
710,713,1950,1,4,1
710,713,1951,1,4,0
710,713,1952,1,4,1
710,713,1953,1,4,0
710,713,1954,2,5,0
710,713,1955,2,5,0
710,713,1956,2,4,1
710,713,1957,1,4,0
710,713,1958,1,5,1
710,713,1959,1,4,0
710,713,1962,1,4,0
710,713,1963,1,4,0
710,713,1964,1,4,0
710,713,1965,1,4,0
710,713,1966,2,4,1
710,713,1967,1,4,0
710,713,1987,1,4,0
710,713,1988,1,4,0
710,713,1991,1,3,0
710,713,1993,1,3,0
710,713,1994,1,4,0
710,713,1995,2,4,0
710,713,1996,1,3,0
710,713,1999,1,3,0
710,713,2000,1,3,0
710,713,2001,1,3,0
710,713,2002,1,3,0
710,713,2003,1,3,0
710,713,2004,1,3,0
710,713,2005,1,2,0
710,713,2007,1,3,0
710,713,2011,1,3,0
710,713,2014,1,3,0
710,731,1993,1,4,1
710,731,1995,1,4,0
710,731,1997,1,4,0
710,731,2003,1,3,0
710,731,2004,1,3,0
710,731,2010,1,4,0
710,732,1950,1,5,0
710,732,1951,1,5,0
710,732,1952,1,5,0
710,732,1953,2,5,1
710,732,1955,1,4,0
710,732,1960,1,4,0
710,732,1965,1,2,0
710,732,1966,2,4,0
710,732,1967,1,2,0
710,732,1968,1,2,0
710,732,1969,1,2,0
710,732,1970,1,2,0
710,732,1971,1,2,0
710,732,1976,1,4,0
710,732,1985,1,4,0
710,732,1986,1,4,0
710,732,1987,1,4,0
710,732,1994,1,3,0
710,732,2002,1,3,0
710,732,2010,1,3,0
710,732,2013,1,3,0
710,732,2014,2,4,0
710,740,1953,1,4,0
710,740,1954,1,4,0
710,740,1958,1,4,0
710,740,1995,1,3,0
710,740,1996,1,3,0
710,740,1999,1,3,0
710,740,2002,1,3,0
710,740,2003,1,4,0
710,740,2004,2,4,0
710,740,2005,1,3,0
710,740,2007,1,3,0
710,740,2010,2,4,0
710,740,2013,1,3,0
710,750,1950,1,3,0
710,750,1954,1,3,0
710,750,1955,1,3,0
710,750,1956,1,3,0
710,750,1958,1,4,0
710,750,1959,1,4,0
710,750,1960,1,4,0
710,750,1961,2,4,0
710,750,1962,2,5,1
710,750,1964,1,4,0
710,750,1965,1,4,0
710,750,1966,1,4,1
710,750,1967,2,4,1
710,750,1969,1,2,0
710,750,1971,1,3,0
710,750,1973,1,3,0
710,750,1975,1,4,1
710,750,1979,1,3,0
710,750,1985,1,4,0
710,750,1986,1,4,0
710,750,1987,1,4,0
710,750,2003,1,3,0
710,750,2007,1,3,0
710,750,2009,1,3,0
710,750,2013,1,4,0
710,750,2014,1,3,0
710,760,2005,1,4,0
710,770,1955,1,4,0
710,775,1956,1,4,0
710,775,1959,1,4,0
710,775,1969,1,4,0
710,790,1959,1,4,0
710,790,1960,2,4,1
710,800,1950,1,4,0
710,800,1951,1,5,0
710,800,1952,1,5,0
710,800,1953,1,5,1
710,800,1961,1,2,0
710,800,1962,1,4,0
710,800,1963,1,4,0
710,800,1964,1,4,0
710,800,1965,1,2,0
710,800,1966,1,2,0
710,800,1967,1,2,0
710,800,1968,1,2,0
710,800,1969,1,2,0
710,800,1970,1,2,0
710,800,1971,1,2,0
710,811,1970,1,2,0
710,811,1971,1,2,0
710,812,1961,1,2,0
710,812,1962,1,4,0
710,812,1963,1,4,0
710,812,1964,1,4,1
710,812,1979,1,3,0
710,816,1978,1,3,0
710,816,1979,1,5,1
710,816,1981,1,4,1
710,816,1982,1,4,0
710,816,1983,1,4,1
710,816,1984,1,4,0
710,816,1985,1,4,0
710,816,1986,2,4,0
710,816,1987,3,5,1
710,816,1988,1,4,0
710,816,1993,1,3,0
710,816,1994,1,4,0
710,816,1998,1,3,0
710,816,2002,1,3,0
710,816,2003,1,4,0
710,816,2010,1,4,0
710,816,2011,1,3,0
710,816,2012,1,4,0
710,816,2013,1,4,0
710,816,2014,1,4,0
710,817,1956,1,4,0
710,817,1959,1,4,0
710,817,1961,1,4,0
710,817,1964,1,2,0
710,817,1965,2,2,0
710,817,1966,2,2,0
710,817,1967,1,2,0
710,817,1968,2,4,0
710,817,1969,1,2,0
710,817,1970,1,2,0
710,817,1971,1,2,0
710,817,1974,2,4,0
710,820,1983,1,3,0
710,820,1984,1,3,0
710,840,1950,1,3,0
710,840,1951,1,5,0
710,840,1952,1,5,0
710,840,1953,1,5,1
710,840,1966,1,2,0
710,840,1967,1,2,0
710,840,1968,1,2,0
710,840,1969,1,2,0
710,840,1970,1,2,0
710,840,1971,1,2,0
710,840,1995,1,4,0
710,840,1996,1,4,0
710,840,1997,1,4,0
710,840,1998,1,4,0
710,840,1999,1,4,0
710,840,2000,1,4,0
710,840,2001,1,3,0
710,840,2002,1,4,0
710,840,2011,1,4,0
710,840,2012,1,4,0
710,840,2014,1,4,0
710,850,1996,1,3,0
710,900,1950,1,5,0
710,900,1951,1,5,0
710,900,1952,1,5,0
710,900,1953,1,5,1
710,900,1962,1,3,0
710,900,1964,1,2,0
710,900,1965,1,2,0
710,900,1966,1,2,0
710,900,1967,1,2,0
710,900,1968,1,2,0
710,900,1969,1,2,0
710,900,1970,1,2,0
710,900,1971,1,2,0
710,900,2001,1,3,0
710,920,1950,1,3,0
710,920,1951,1,5,0
710,920,1952,1,5,0
710,920,1953,1,5,1
710,920,1962,1,3,0
710,920,1965,1,2,0
710,920,1966,1,2,0
710,920,1967,1,2,0
710,920,1968,1,2,0
710,920,1969,1,2,0
710,920,1970,1,2,0
710,920,1971,1,2,0
713,731,1955,1,4,1
713,740,1996,1,3,0
713,740,2003,1,3,0
713,740,2005,1,3,0
713,740,2008,1,3,0
713,740,2010,1,3,0
713,740,2012,1,3,0
713,740,2013,1,3,0
713,775,1950,1,4,0
713,775,1951,1,4,0
713,775,1952,1,4,0
713,775,1953,2,4,1
713,816,1994,1,3,0
713,816,1995,1,3,0
713,817,1974,1,3,0
713,840,1956,1,3,0
713,840,1994,1,3,0
713,840,2003,1,3,0
713,840,2013,1,3,0
731,732,1949,1,4,0
731,732,1950,1,5,0
731,732,1951,1,5,0
731,732,1952,1,5,0
731,732,1953,1,5,1
731,732,1954,1,4,0
731,732,1955,1,4,0
731,732,1956,1,4,1
731,732,1958,1,4,0
731,732,1959,1,4,0
731,732,1960,1,4,0
731,732,1961,1,4,1
731,732,1962,1,4,0
731,732,1963,1,4,0
731,732,1964,2,4,1
731,732,1965,1,4,0
731,732,1966,1,4,0
731,732,1967,1,4,0
731,732,1968,1,4,0
731,732,1969,1,4,0
731,732,1970,1,4,0
731,732,1971,1,4,1
731,732,1974,1,4,1
731,732,1975,1,4,1
731,732,1976,1,4,1
731,732,1977,1,4,0
731,732,1978,1,4,1
731,732,1979,1,4,0
731,732,1980,1,4,1
731,732,1981,1,4,0
731,732,1982,1,4,0
731,732,1983,1,4,0
731,732,1984,1,4,0
731,732,1985,1,4,0
731,732,1986,1,4,0
731,732,1989,1,4,0
731,732,1991,1,3,0
731,732,1992,1,4,1
731,732,1993,2,4,0
731,732,1994,1,4,0
731,732,1995,1,4,0
731,732,1996,1,4,0
731,732,1997,1,4,0
731,732,1998,1,4,0
731,732,1999,2,4,1
731,732,2000,1,2,0
731,732,2001,1,4,0
731,732,2002,1,4,0
731,732,2003,1,4,0
731,732,2004,1,4,1
731,732,2005,1,4,0
731,732,2007,1,2,0
731,732,2008,1,3,0
731,732,2009,1,4,0
731,732,2010,1,4,1
731,732,2012,1,3,0
731,732,2013,1,3,0
731,732,2014,2,4,0
731,740,1994,1,3,0
731,740,1995,1,3,0
731,740,1996,1,3,0
731,740,1997,2,3,0
731,740,1998,1,3,0
731,740,1999,3,3,0
731,740,2001,1,4,1
731,740,2002,1,3,0
731,740,2003,1,4,0
731,740,2012,1,3,0
731,740,2013,1,3,0
731,800,1950,1,4,0
731,800,1951,1,5,0
731,800,1952,1,5,0
731,800,1953,1,5,1
731,840,1950,1,5,0
731,840,1951,1,5,0
731,840,1952,1,5,0
731,840,1953,1,5,1
731,900,1950,1,5,0
731,900,1951,1,5,0
731,900,1952,1,5,0
731,900,1953,1,5,1
731,900,1994,1,3,0
731,920,1950,1,5,0
731,920,1951,1,5,0
731,920,1952,1,5,0
731,920,1953,1,5,1
732,740,1953,1,4,0
732,740,1954,2,4,0
732,740,1955,1,4,0
732,740,1958,1,4,0
732,740,1959,2,4,0
732,740,1960,1,4,0
732,740,1961,1,4,0
732,740,1962,1,4,0
732,740,1963,1,4,0
732,740,1964,1,4,0
732,740,1966,1,4,0
732,740,1977,1,4,0
732,740,1982,1,4,0
732,740,1996,1,3,0
732,740,1999,1,4,0
732,740,2005,1,3,0
732,740,2006,1,3,0
732,740,2011,1,3,0
732,740,2012,1,3,0
732,811,1967,1,4,0
732,816,1965,1,5,0
732,816,1966,1,5,0
732,816,1967,1,5,0
732,816,1968,1,5,0
732,816,1969,1,5,0
732,816,1970,1,5,0
732,816,1971,1,5,0
732,816,1972,1,5,0
732,816,1973,1,5,1
740,840,1982,1,4,0
740,850,1963,1,4,0
740,850,1965,1,4,0
740,910,1988,1,4,0
750,770,1947,2,5,0
750,770,1948,1,5,1
750,770,1949,1,4,0
750,770,1950,1,4,1
750,770,1951,1,4,1
750,770,1952,1,4,0
750,770,1955,1,4,1
750,770,1956,2,4,1
750,770,1957,1,3,0
750,770,1958,1,4,0
750,770,1959,2,4,1
750,770,1960,1,3,0
750,770,1961,1,3,0
750,770,1962,2,4,1
750,770,1963,2,4,0
750,770,1964,1,4,0
750,770,1965,2,5,1
750,770,1966,2,4,1
750,770,1967,1,4,1
750,770,1969,3,4,1
750,770,1970,1,4,0
750,770,1971,1,5,1
750,770,1972,1,4,1
750,770,1981,1,4,1
750,770,1982,1,3,0
750,770,1983,1,4,0
750,770,1984,2,4,1
750,770,1985,1,4,1
750,770,1986,1,4,0
750,770,1990,1,4,1
750,770,1991,1,4,0
750,770,1993,1,4,0
750,770,1994,1,4,0
750,770,1995,1,4,0
750,770,1996,1,4,0
750,770,1997,1,4,0
750,770,1998,1,4,0
750,770,1999,2,5,1
750,770,2000,1,4,0
750,770,2001,1,4,0
750,770,2002,1,4,0
750,770,2003,1,4,1
750,770,2004,1,4,0
750,770,2005,1,4,0
750,770,2008,1,4,0
750,770,2009,1,4,0
750,770,2010,1,4,1
750,771,1976,1,4,1
750,771,1980,1,4,0
750,771,1981,1,4,1
750,771,1983,1,4,0
750,771,1984,1,4,1
750,771,1986,1,4,1
750,771,1987,1,4,1
750,771,1996,2,4,0
750,771,2001,1,3,0
750,771,2002,2,4,0
750,771,2003,1,4,0
750,771,2004,1,4,0
750,771,2005,1,4,0
750,771,2006,1,4,0
750,771,2007,1,4,1
750,771,2008,3,4,1
750,771,2009,1,4,0
750,771,2010,1,4,1
750,771,2011,1,4,0
750,771,2012,1,4,0
750,771,2013,1,3,0
750,775,1957,1,3,0
750,775,2004,1,3,0
750,780,1984,1,4,0
750,780,1985,1,4,0
750,780,1987,1,3,0
750,780,2008,1,4,0
750,790,1962,1,4,0
750,790,1965,1,4,0
750,790,1968,1,4,0
750,790,2004,1,4,0
750,790,2005,1,4,0
750,910,1992,1,4,0
770,775,1959,1,4,0
771,775,1991,1,4,1
771,775,2008,1,3,0
771,775,2009,2,3,0
771,775,2011,1,3,0
771,775,2014,1,4,1
775,800,1953,1,4,0
775,800,1954,1,4,0
775,800,1955,1,4,0
775,800,1959,1,4,0
775,800,1975,1,4,0
775,800,1977,1,3,0
775,800,1980,1,4,0
775,800,1982,1,4,0
775,800,1983,2,4,0
775,800,1984,1,4,1
775,800,1985,1,4,0
775,800,1987,1,4,0
775,800,1988,1,4,0
775,800,1989,1,4,0
775,800,1990,1,4,1
775,800,1992,1,4,0
775,800,1995,1,4,0
775,800,1996,1,3,0
775,800,1999,1,4,1
775,800,2001,1,4,1
775,800,2002,1,4,0
775,800,2003,2,4,1
775,800,2004,2,4,0
775,800,2005,1,4,1
775,800,2006,1,3,0
775,800,2007,1,4,1
775,800,2009,1,4,0
775,800,2011,1,4,0
775,800,2013,1,4,0
800,811,1953,1,4,0
800,811,1954,1,4,0
800,811,1958,1,4,0
800,811,1959,1,4,0
800,811,1961,1,3,0
800,811,1962,1,4,1
800,811,1963,1,3,0
800,811,1964,1,4,0
800,811,1965,2,4,0
800,811,1966,2,4,1
800,811,1967,1,4,0
800,811,1968,1,4,0
800,811,1969,1,4,0
800,811,1970,1,4,0
800,811,1975,1,4,0
800,811,1976,2,4,1
800,811,1977,1,4,0
800,811,1978,1,4,0
800,811,1979,1,4,0
800,811,1980,1,4,0
800,811,1981,1,4,0
800,811,1982,1,4,0
800,811,1983,1,4,0
800,811,1984,1,4,0
800,811,1985,1,4,0
800,811,1986,1,4,0
800,811,1987,1,4,1
800,811,1994,1,4,0
800,811,1995,1,4,0
800,811,1996,1,4,1
800,811,1997,1,4,0
800,811,1998,1,4,1
800,811,2005,1,3,0
800,811,2008,1,4,0
800,811,2009,1,4,0
800,811,2010,1,4,1
800,811,2014,1,4,0
800,812,1960,1,4,0
800,812,1964,1,4,0
800,812,1969,1,3,0
800,812,1970,1,3,0
800,812,1975,1,4,0
800,812,1978,1,4,0
800,812,1979,1,4,0
800,812,1980,1,4,0
800,812,1982,1,4,0
800,812,1983,1,4,0
800,812,1984,1,4,0
800,812,1985,1,4,0
800,812,1986,1,4,1
800,812,1987,1,4,0
800,812,1988,1,4,1
800,816,1961,1,4,0
800,816,1967,1,5,0
800,816,1968,1,5,0
800,816,1969,1,5,0
800,816,1970,1,5,0
800,816,1971,1,5,0
800,816,1972,1,5,0
800,816,1973,1,5,1
800,816,1977,1,4,0
800,816,1980,1,4,0
800,816,1981,1,4,0
800,816,1982,1,4,0
800,816,1983,1,4,0
800,816,1984,1,4,0
800,816,1985,1,4,0
800,816,1986,1,4,0
800,816,1987,1,4,1
800,816,1989,1,4,0
800,816,1995,1,4,1
800,820,2004,1,4,0
800,820,2005,1,3,0
800,820,2006,1,4,0
800,850,2004,1,4,0
811,812,1977,1,4,0
811,816,1969,1,4,0
811,816,1970,2,4,0
811,816,1971,1,4,0
811,816,1972,1,4,0
811,816,1973,1,4,0
811,816,1974,1,4,0
811,816,1975,2,4,0
811,816,1976,1,4,0
811,816,1977,1,5,0
811,816,1978,1,5,0
811,816,1979,1,5,1
811,816,1996,1,4,0
811,817,1956,1,4,0
811,817,1958,1,4,0
811,817,1959,1,4,1
811,817,1960,1,2,0
811,817,1962,1,3,0
811,817,1963,1,4,0
811,817,1964,1,4,0
811,817,1965,2,4,0
811,817,1966,1,3,0
811,817,1967,1,4,0
811,840,1968,1,4,0
812,816,1958,1,4,0
812,816,1959,1,4,0
812,816,1960,3,4,0
812,816,1961,2,4,0
812,816,1962,1,4,0
812,816,1963,1,4,0
812,816,1964,1,4,0
812,816,1965,1,4,0
812,816,1966,1,4,0
812,816,1967,1,5,0
812,816,1968,1,5,0
812,816,1969,1,5,0
812,816,1970,1,5,0
812,816,1971,1,5,0
812,816,1972,1,5,0
812,816,1973,1,5,1
816,817,1960,1,4,1
816,817,1964,1,4,0
816,817,1965,1,5,0
816,817,1966,1,5,0
816,817,1967,1,5,0
816,817,1968,1,5,0
816,817,1969,1,5,0
816,817,1970,1,5,0
816,817,1971,1,5,0
816,817,1972,1,5,0
816,817,1973,1,5,0
816,817,1974,1,5,0
816,817,1975,1,5,1
816,820,1983,1,3,0
816,820,1984,1,3,0
816,840,1966,1,5,0
816,840,1967,1,5,0
816,840,1968,1,5,0
816,840,1969,1,5,1
816,840,1998,1,3,0
816,840,1999,1,4,0
816,850,1980,1,3,0
816,900,1964,1,4,0
816,900,1965,1,5,0
816,900,1966,1,5,0
816,900,1967,1,5,0
816,900,1968,1,5,0
816,900,1969,1,5,0
816,900,1970,1,5,0
816,900,1971,1,5,0
816,900,1972,1,5,1
816,920,1965,1,4,0
816,920,1966,1,4,0
816,920,1967,1,4,0
816,920,1968,1,4,0
816,920,1969,1,4,0
816,920,1970,1,4,0
816,920,1971,1,4,1
817,840,1974,1,3,0
820,830,1992,1,4,0
820,830,2003,1,3,0
820,840,1968,1,3,0
820,840,1979,1,3,0
820,840,1980,1,3,0
820,840,1985,1,4,0
820,840,1988,1,4,0
820,850,1963,1,4,0
820,850,1964,2,4,0
820,850,1965,2,4,1
820,850,2005,1,3,0
820,850,2008,1,3,0
820,850,2014,1,3,0
840,850,2003,1,4,0
840,986,2000,1,4,0
850,900,1963,1,4,0
850,900,1964,1,4,0
850,900,1965,1,4,1
850,900,1999,1,3,0
850,910,1982,1,4,0
850,910,1984,1,4,0
850,910,1988,1,4,0
850,910,1990,1,4,0
850,910,2003,1,4,0
850,910,2008,1,4,0
910,940,1992,1,4,0
910,940,1993,1,4,0
910,940,1996,1,4,0
